Рамазанов;Рамазанов;;;
Куцин;;;;
Гришин;Гришин;;;
Стародубцев;;;;
Зотов;Зотов;;;
Исаков;;;;
" "
основная
Рамазанов;Рамазанов;Рамазанов;Рамазанов;Рамазанов
Гришин;;;;
Зотов;Зотов;;;
Меняло;;;;
Виноградов;Виноградов;Виноградов;;
Иванов;;;;
Сидоров;Сидоров;;;
Бобренко;;;;
Силантьев;Силантьев;Силантьев;Силантьев;
Хавров;;;;
Михасенко;Михасенко;;;
Петров;;;;
Ильчук;Ильчук;Ильчук;;
Семенов;;;;
Игнатьев;Игнатьев;;;
Смирнов;;;;
qweqwe
" "
Гришин;;;;
Меняло;;;;
Иванов;;;;
Бобренко;;;;
Хавров;;;;
Петров;;;;
Семенов;;;;
Смирнов;;;;
Зотов;Зотов;;;
Сидоров;Сидоров;;;
Михасенко;Михасенко;;;
Игнатьев;Игнатьев;;;
Виноградов;Виноградов;Виноградов;;
Ильчук;Ильчук;Ильчук;;
Силантьев;Силантьев;Силантьев;Силантьев;
