Игнатьев;Игнатьев;;;
Михасенко;;;;
Куцин;Куцин;;;
Рамазанов;;;;
Семенов;Семенов;;;
Силантьев;;;;
" "
основная
" "
Игнатьев;Игнатьев;Игнатьев;Игнатьев;Игнатьев
Куцин;;;;
Семенов;Семенов;;;
Смирнов;;;;
Виноградов;Виноградов;Виноградов;;
Сидоров;;;;
Бобренко;Бобренко;;;
Меняло;;;;
Исаков;Исаков;Исаков;Исаков;
Хавров;;;;
Иванов;Иванов;;;
Стародубцев;;;;
Петров;Петров;Петров;;
Зотов;;;;
Гришин;Гришин;;;
Ильчук;;;;
" "
утешительная
" "
Стародубцев;Стародубцев;Стародубцев;Стародубцев;Стародубцев
Зотов;;;;
Ильчук;Ильчук;;;
Куцин;;;;
Смирнов;Смирнов;Смирнов;;
Сидоров;;;;
Меняло;Меняло;;;
Хавров;;;;
Семенов;Семенов;Семенов;Семенов;
Бобренко;Бобренко;;;
Иванов;Иванов;Иванов;;
Гришин;Гришин;;;
Виноградов;Виноградов;Виноградов;Виноградов;Виноградов
Петров;Петров;Петров;;
Исаков;Исаков;Исаков;Исаков;
